Target,Frame
Background,594
Background,598
Background,604
Background,613
Background,621
Background,627
Background,632
Background,636
Background,644
Background,654
Background,667
Background,678
Background,682
Background,687
Background,692
Watch,706
Background,718
Background,726
Background,747
Background,763
Background,766
Background,774
Background,784
Background,791
Background,800
Background,810
Background,818
Background,824
Background,830
Background,838
Background,849
Background,860
Background,866
Background,877
Background,886
Background,891
Background,897
Background,905
Background,915
Background,925
Background,932
Background,937
Background,948
Background,962
Background,977
Background,986
Background,991
Background,998
Background,1004
Background,1008
Background,1013
Background,1020
Background,1032
Background,1043
Background,1046
Background,1051
Background,1059
Background,1069
Background,1082
Background,1091
Background,1095
Background,1098
Background,1101
Background,1105
Background,1110
Background,1126
Watch,1160
Background,1183
Background,1192
Background,1203
Background,1211
Background,1222
Background,1240
Background,1252
Background,1257
Background,1261
Background,1268
Background,1280
Background,1295
Background,1305
Watch,1310
Watch,1315
Watch,1321
Background,3124
Background,1328
Background,1335
Background,1341
Background,1344
Background,1347
Background,1350
Background,1356
Background,1362
Background,1365
Background,1369
Background,1374
Background,1380
Background,1385
Background,1389
Background,1394
Background,1401
Background,1405
Background,1412
Background,1423
Background,1433
Background,1442
Background,1450
Background,1457
Background,1463
Background,1493
Background,1524
Background,1530
Background,1537
Background,1545
Background,1551
Background,1557
Background,1566
Background,1577
Background,1588
Background,1594
Background,1598
Background,1608
Background,1619
Background,1626
Background,1640
Background,1658
Watch,1669
Watch,1678
Background,1693
Background,1709
Background,1716
Background,1721
Background,1728
Background,1749
Background,1772
Background,1781
